lang,count
th,860
en,853
ja,348
hi,55
zh-CN,37
ar,37
jw,32
tl,31
id,31
vi,29
sv,20
fr,20
no,20
de,18
pl,17
el,17
nl,17
ceb,15
fi,14
it,14
so,14
cy,14
pt,14
mi,14
ru,13
da,13
ro,13
ms,13
hu,12
ca,11
ko,11
es,10
et,9
sw,9
eu,9
is,7
haw,7
su,7
sl,7
lt,6
uz,6
hr,6
af,5
zu,5
cs,5
ny,5
hmn,5
mg,5
lb,5
mt,5
tr,5
eo,5
co,5
gd,5
ht,5
fy,4
bs,4
bg,4
st,4
ku,4
sn,4
♡,3
la,3
sq,3
sk,3
ig,3
zh-TW,3
C,2
J,2
VK,2
.,2
P,2
ga,2
🌞,2
N,2
หมี,2
☀︎,2
xh,2
💛,2
lv,2
🌻,2
jk,1
NS.,1
t,1
Yuu,1
gl,1
กีบ,1
wow,1
🎀,1
Jon,1
み,1
🙂,1
仮名,1
かのん,1
☻,1
いずみ,1
PEO,1
Oak,1
음악🎵,1
鳥,1
🌵,1
อัง,1
Vit,1
じゅん,1
ha,1
:),1
🕸,1
mee,1
⚽,1
A,1
Fay,1
KK🍙,1
ケーン,1
per,1
🌸,1
M,1
😁😁😁,1
zai,1
sm,1
ff,1
K,1
☔,1
KU.,1
myt,1
マーイ,1
勇くん,1
Kee,1
DEW,1
Tt,1
ヅ,1
ky,1
Amy,1
wan,1
ShK,1
K.,1
JTR,1
KIT,1
☺,1
ND,1
Bp,1
'w',1
TK.,1
Ak,1
👧,1
小野,1
Tak,1
07N,1
まみこ,1
山光,1
モモル,1
😸,1
km,1
右大臣,1
NK.,1
阮阿卿,1
O,1
hzk,1
ミミー,1
楓,1
ベル,1
Tow,1
AOD,1
トン,1
メイリ,1
B*,1
P 👻,1
48,1
💙📸,1
Hum,1
G,1
💕💕,1
ゆうり,1
☁️,1
kn,1
oil,1
CK,1
az,1
猫もえ,1
835,1
バラ,1
Kot,1
PEA,1
pie,1
ポップ,1
🐷,1
Tan,1
マック,1
Bo,1
🎵,1
นน.,1
∀KΞ,1
W_t,1
张美清,1
คอป,1
Oat,1
ジル,1
🐻🐷❤,1
POR,1
リーフ,1
NMB,1
べック,1
ぷに,1
BS.,1
有皎,1
🌙,1
'9s,1
🎠,1
MB.,1
lxz,1
🎄,1
黄龍,1
bow,1
ミュウ,1
🌟,1
เอก,1
Por,1
j,1
On,1
PIJ,1
🐧🐧🐧,1
J♡,1
FW,1
Nz,1
นจ.,1
榮堂,1
อื,1
🍁,1
อต🍬,1
W Y,1
コン,1
なつP,1
...,1
메이린,1
ぺー,1
リン,1
pwd,1
🌚,1
..,1
きゅう,1
RED,1
🌸💗,1
_иң,1
ヒ💝み,1
cc.,1
PkK,1
CTㅑ,1
ทีม,1
uou,1
나히,1
🐰💖,1
ATT,1
นู่,1
Yk,1
Nan,1
Ⓜ,1
Mac,1
友だち,1
オー🍊,1
net,1
ネネ,1
Jin,1
@_@,1
.😔,1
รอน,1
Tum,1
ปฤณ,1
しった,1
😃,1
pup,1
ジム,1
アー,1
サナギ,1
🐋,1
LPM,1
1%,1
ll,1
🌈♡,1
AIZ,1
DD,1
Qz,1
K R,1
Rnn,1
SUN,1
ジュン,1
￣,1
FCA,1
Kkz,1
-M,1
b.,1
🐻,1
🐰,1
あき,1
JP,1
INT,1
ชู,1
✩,1
ギフト,1
💫,1
TJn,1
P13,1
ナパト,1
ツ,1
Art,1
R,1
🐤🐤,1
THW,1
แอ๊,1
sao,1
Rin,1
🐘,1
ลต.,1
TM.,1
พ,1
아띠,1
!n,1
n,1
ธิ,1
母江,1
พวา,1
p²,1
郑彦彬,1
😑,1
