color,count
DDEEF6,1791
000000,850
252429,55
EFEFEF,37
95E8EC,36
FFFFFF,33
DDFFCC,21
E5507E,17
F6F6F6,16
DAECF4,14
A0C5C7,12
99CC33,11
C0DFEC,10
F6FFD1,10
FFF7CC,8
E6F6F9,8
7AC3EE,8
F3F3F3,8
E3E2DE,8
EADEAA,6
78C0A8,4
E3E3E3,1
FFF314,1
F7D7E6,1
FCDB79,1
46DB4E,1
F7A576,1
852545,1
F5E2E2,1
8A8A8A,1
EBAB73,1
0D0D0D,1
EFE9C5,1
424C55,1
2C8A6E,1
88B5B5,1
9EE0FA,1
F7F2F2,1
47BEF5,1
F5D8ED,1
020812,1
BD5232,1
00B3F6,1
C1D9D0,1
3B73D4,1
EFDCC5,1
D1D1D1,1
D6D6D6,1
575757,1
4D3F49,1
FCF7B6,1
F6EAF7,1
0A0114,1
F7E4F7,1
050505,1
B1E3E3,1
FCDDDD,1
E0DF92,1
CCCCCC,1
D3D9D0,1
7AC953,1
B8B8B8,1
4CE84C,1
171106,1
7DA8CC,1
3B615D,1
1F6617,1
46546B,1
F68774,1
39AEED,1
ACD5E6,1
FFFAFF,1
DCCA7F,1
12ABAB,1
99FFF7,1
355285,1
D1CDD1,1
ED7CA0,1
EBA7E5,1
E3FAE1,1
AB9693,1
FFE2BF,1
FAF9F5,1
BFE500,1
E1B5FF,1
C26270,1
FAE3E8,1
CEDBD7,1
96EBA3,1
C2C2C2,1
FFBDFF,1
140E0A,1
7CEF13,1
E0968D,1
C7FCC9,1
314542,1
C5D6BA,1
587AC2,1
FFFCF0,1
EDD6C6,1
33CCA8,1
F55A7E,1
1A3F57,1
E8FFD1,1
FFDEEE,1
E6BAF5,1
C5EB92,1
0D0C0C,1
FF8C9E,1
EBEBDA,1
D9D4D0,1
76F7F1,1
DDE6E6,1
FC6747,1
14325E,1
1C1C1C,1
00BBFF,1
F8B0A1,1
E3B2FF,1
1F5195,1
F38630,1
0D0D0C,1
003E49,1
061127,1
FFD1EF,1
F5DCE7,1
2C1703,1
FFEECC,1
B0FC19,1
D7D86C,1
F5ABB9,1
CADCF2,1
0E0D02,1
D0EBF5,1
FFF2F2,1
EDDF1A,1
C4030D,1
E4EDED,1
B0B8AB,1
3C3C3D,1
A3D1E0,1
0F0F0F,1
9AB7AF,1
9FF008,1
