location,count
,439
"Bangkok, Thailand",67
Thailand,63
"‡∏Å‡∏£‡∏∏‡∏á‡πÄ‡∏ó‡∏û‡∏°‡∏´‡∏≤‡∏ô‡∏Ñ‡∏£, ‡∏õ‡∏£‡∏∞‡πÄ‡∏ó‡∏®‡πÑ‡∏ó‡∏¢",30
‡∏õ‡∏£‡∏∞‡πÄ‡∏ó‡∏®‡πÑ‡∏ó‡∏¢,26
Bangkok,9
"Bangkok,Thailand",5
BKK,3
Japan,3
"Khon Kaen, Thailand",3
"Nonthaburi, Thailand",3
bangkok,3
"Bang Khen, Bangkok",2
"‡∏™‡∏∞‡∏û‡∏≤‡∏ô‡∏™‡∏π‡∏á, ‡∏Å‡∏£‡∏∏‡∏á‡πÄ‡∏ó‡∏û‡∏°‡∏´‡∏≤‡∏ô‡∏Ñ‡∏£",2
"‡∏à.‡∏ô‡∏ô‡∏ó‡∏ö‡∏∏‡∏£‡∏µ, ‡∏õ‡∏£‡∏∞‡πÄ‡∏ó‡∏®‡πÑ‡∏ó‡∏¢",2
"Changwat Si Sa Ket, Thailand",2
Êó•Êú¨ Êù±‰∫¨,2
"‡∏õ‡∏ó‡∏∏‡∏°‡∏ò‡∏≤‡∏ô‡∏µ, ‡∏õ‡∏£‡∏∞‡πÄ‡∏ó‡∏®‡πÑ‡∏ó‡∏¢",2
THAILAND,2
„Ç¢„Ç§„Éâ„É´„Ç¢„Ç´„Éá„Éü„Éº,1
Jauh~,1
‡πÅ‡∏Å‡πä‡∏á‡∏û‡∏µ‡πà‡∏à‡πã‡∏≤,1
"‡∏≠.‡πÄ‡∏°‡∏∑‡∏≠‡∏á‡∏•‡∏≥‡∏û‡∏π‡∏ô, ‡∏à.‡∏û‡∏±‡∏á‡∏á‡∏≤",1
"‡∏ö‡πâ‡∏≤‡∏ô‡∏û‡∏≤‡∏ô‡∏ñ‡∏°, ‡∏õ‡∏£‡∏∞‡πÄ‡∏ó‡∏®‡πÑ‡∏ó‡∏¢",1
Solar system,1
"Samut Prakan, Thailand",1
Cosplayer,1
"‡∏≠.‡πÄ‡∏â‡∏•‡∏¥‡∏°‡∏û‡∏£‡∏∞‡πÄ‡∏Å‡∏µ‡∏¢‡∏£‡∏ï‡∏¥, ‡∏à.‡∏ö‡∏∏‡∏£‡∏µ‡∏£‡∏±‡∏°‡∏¢‡πå",1
„Ö§,1
"Phra Nakhon Si Ayutthaya, Thai",1
Out of Galaxy,1
"Changwat Chiang Rai, Thailand",1
"Sai Mai, Bangkok",1
"Nakhon Ratchasima, Thailand.",1
On Earth,1
‡∏ô‡∏±‡∏Å‡∏®‡∏∂‡∏Å‡∏©‡∏≤,1
"B·∫Øc Ninh, Vietnam",1
"Bekasi Timur, Indonesia",1
"‡∏≠.‡πÄ‡∏°‡∏∑‡∏≠‡∏á, ‡∏à.‡∏ô‡∏Ñ‡∏£‡∏õ‡∏ê‡∏°",1
"Suanluang Bkk, Thailand",1
Sweat 16 üíï,1
‡∏ö‡∏ô‡∏î‡∏≤‡∏ß‡∏¢‡∏π‡πÄ‡∏£‡∏ô‡∏±‡∏™,1
On top of the world,1
‡∏ô‡πâ‡∏≠‡∏á‡∏õ‡∏•‡∏≤‡∏ó‡∏≤‡πÇ‡∏£‡πà,1
‡πÄ‡∏°‡∏∑‡∏≠‡∏á‡∏°‡∏¥‡∏ß‡∏ô‡∏¥‡∏Ñ,1
#‡∏ï‡∏≤‡∏Å‡∏•‡πâ‡∏≠‡∏á‡∏≠‡∏µ‡∏Å‡∏ó‡πà‡∏≤‡∏ô‡∏ô‡∏∂‡∏á,1
Amphoe Bang Khla,1
"Taling Chan, Bangkok",1
"Maha Sarakham, Thailand",1
"Mueang Pattaya, Thailand",1
"Thon Buri, Bangkok",1
"Bang Mot 2, Thailand",1
‡∏ó‡∏µ‡πâ‡πÑ‡∏´‡∏ô‡∏ã‡∏±‡∏Å‡πÅ‡∏´‡πà‡∏á‡∏ö‡∏ô‡πÇ‡∏•‡∏Å‡πÉ‡∏ö‡∏ô‡∏µ‡πâ,1
"Udonthani,Thailand",1
‡∏ß‡∏¥‡∏ä‡∏ß‡∏•‡πÅ‡∏≠‡∏ô‡∏î‡πå‡πÇ‡∏ß‡∏Ñ‡∏≠‡∏•,1
"‡∏Ñ‡∏±‡∏ô‡∏ô‡∏≤‡∏¢‡∏≤‡∏ß, ‡∏Å‡∏£‡∏∏‡∏á‡πÄ‡∏ó‡∏û‡∏°‡∏´‡∏≤‡∏ô‡∏Ñ‡∏£",1
w=mg,1
"I can't dm,rt,reply",1
"Talat Nuea, Thailand",1
"Ju√°rez, Chihuahua",1
"‡∏≠.‡πÄ‡∏°‡∏∑‡∏≠‡∏á‡∏ô‡∏Ñ‡∏£‡∏£‡∏≤‡∏ä‡∏™‡∏µ‡∏°‡∏≤, ‡∏à.‡∏ô‡∏Ñ‡∏£‡∏£‡∏≤‡∏ä‡∏™‡∏µ‡∏°",1
"‡∏û‡∏£‡∏∞‡∏ô‡∏Ñ‡∏£‡∏®‡∏£‡∏µ‡∏≠‡∏¢‡∏∏‡∏ò‡∏¢‡∏≤, ‡∏õ‡∏£‡∏∞‡πÄ‡∏ó‡∏®‡πÑ‡∏ó‡∏¢",1
‡∏´‡∏°‡∏π‡πÜ,1
Thailand ,1
‡∏≠‡∏¢‡∏π‡πà‡∏ó‡∏∏‡∏Å‡∏ó‡∏µ‡πà ‡∏ó‡∏µ‡πà‡∏°‡∏µ‡πÅ‡∏ó  ,1
"Sattahip, Thailand",1
‡∏™‡∏°‡∏∏‡∏ó‡∏£‡∏õ‡∏£‡∏≤‡∏Å‡∏≤‡∏£,1
Void Gap,1
Mong Nai,1
‡πÄ‡∏ö‡∏•‡∏ü‡∏≤‡∏™‡∏ï‡πå,1
Peru,1
In Bangkok,1
‡∏ö‡∏£‡∏¥‡πÄ‡∏ß‡∏ì‡∏î‡∏ß‡∏á‡∏≠‡∏≤‡∏ó‡∏¥‡∏ï‡∏¢‡πå,1
dp: madie (mnl48),1
"Sapporo-shi Kita-ku, Hokkaido",1
#LISMONME ,1
"‡∏≠.‡πÄ‡∏°‡∏∑‡∏≠‡∏á‡∏™‡∏∏‡∏û‡∏£‡∏£‡∏ì‡∏ö‡∏∏‡∏£‡∏µ, ‡∏à.‡∏™‡∏∏‡∏û‡∏£‡∏£‡∏ì‡∏ö‡∏∏‡∏£‡∏µ",1
"BANGKOK, THAILAND.",1
"‡∏≠.‡πÄ‡∏°‡∏∑‡∏≠‡∏á‡∏†‡∏π‡πÄ‡∏Å‡πá‡∏ï, ‡∏à.‡∏†‡∏π‡πÄ‡∏Å‡πá",1
‡∏Ñ‡∏ß‡∏µ‡∏ô‡∏™‡πå‡∏Å‡∏≤‡∏£‡πå‡∏î + ‡∏ä‡∏≤‡∏ß‡∏ó‡∏∏‡πà‡∏á‡∏Å‡∏∏‡∏´‡∏•‡∏≤‡∏ö‡πÑ‡∏ü,1
"‡πÇ‡∏ä‡∏Ñ‡∏ä‡∏±‡∏¢, ‡∏õ‡∏£‡∏∞‡πÄ‡∏ó‡∏®‡πÑ‡∏ó‡∏¢",1
"Bang Khae, Bangkok",1
"Nakhon Ratchasima, Thailand",1
Planet Earth,1
"Jakarta , Indonesia",1
thai,1
"Lat Krabang, Bangkok",1
"Manchester, England",1
‡∏≠‡∏¢‡∏π‡πà‡πÉ‡∏ô‡∏ó‡∏µ‡πà‡∏ó‡∏µ‡πà‡πÑ‡∏°‡πà‡∏°‡∏µ‡πÄ‡∏á‡∏¥‡∏ô,1
"‡∏ô‡∏Ñ‡∏£‡∏£‡∏≤‡∏ä‡∏™‡∏µ‡∏°‡∏≤, ‡∏õ‡∏£‡∏∞‡πÄ‡∏ó‡∏®‡πÑ‡∏ó‡∏¢",1
‡∏ó‡∏µ‡πà‡πÜ‡∏°‡∏µ‡πÄ‡∏ô‡πá‡∏ï,1
"Nakhon Si Thammarat, Thailand",1
Êó•Êú¨Ë™û„ÇíÁ∑¥Áøí„Åô„Çã„Åü„ÇÅ„ÅÆ„Ç¢„Ç´„Ç¶„É≥„Éà,1
"‡∏à.‡∏ô‡∏Ñ‡∏£‡∏£‡∏≤‡∏ä‡∏™‡∏µ‡∏°‡∏≤, ‡∏õ‡∏£‡∏∞‡πÄ‡∏ó‡∏®‡πÑ‡∏ó‡∏¢",1
"Community of Madrid, Spain",1
„Çø„Ç§„É©„É≥„Éâ,1
‡∏Å‡∏£‡∏∏‡∏á‡πÄ‡∏ó‡∏û ,1
Amphoe Sam Phran,1
"Hat Yai, Thailand",1
Chonburi thailand,1
"Chiangmai,Thailand",1
‡πÇ‡∏•‡∏Å,1
#·é™·èö·èÜ·èö·é™·èÜ·é†·è¥·é¨F·éæ·é°·é¨,1
"Surat Thani, Thailand",1
"‡∏à.‡∏≠‡∏≥‡∏ô‡∏≤‡∏à‡πÄ‡∏à‡∏£‡∏¥‡∏ç, ‡∏õ‡∏£‡∏∞‡πÄ‡∏ó‡∏®‡πÑ‡∏ó‡∏¢",1
btobtwicebnk48got7tenmarveltmr,1
üèûÔ∏è,1
Pathum Thani Province,1
‡∏î‡∏≤‡∏ß‡∏û‡∏π‡∏•‡πÇ‡∏ï,1
"BKK, Thailand",1
"Rengat Barat, Indonesia",1
"BKK, Thailand, Earth Planet",1
"Udon Thani, Thailand",1
Hell,1
"‡∏≠.‡∏ö‡∏≤‡∏á‡∏Å‡∏£‡∏ß‡∏¢, ‡∏à.‡∏ô‡∏ô‡∏ó‡∏ö‡∏∏‡∏£‡∏µ",1
"‡πÄ‡∏ä‡∏µ‡∏¢‡∏á‡πÉ‡∏´‡∏°‡πà, ‡∏õ‡∏£‡∏∞‡πÄ‡∏ó‡∏®‡πÑ‡∏ó‡∏¢",1
‡∏≠.‡πÄ‡∏°‡∏∑‡∏≠‡∏á‡∏ô‡∏Ñ‡∏£‡∏£‡∏≤‡∏ä‡∏™‡∏µ‡∏°‡∏≤‡∏à.‡∏ô‡∏Ñ‡∏£‡∏£‡∏≤‡∏ä‡∏™‡∏µ‡∏°‡∏≤,1
Changwat Chachoengsao,1
"Bang Khun Thian, Bangkok",1
"‡∏ö‡∏≤‡∏á‡∏Å‡∏≠‡∏Å‡∏ô‡πâ‡∏≠‡∏¢, ‡∏Å‡∏£‡∏∏‡∏á‡πÄ‡∏ó‡∏û‡∏°‡∏´‡∏≤‡∏ô‡∏Ñ‡∏£",1
‡∏™‡∏¢‡∏≤‡∏°‡∏õ‡∏£‡∏∞‡πÄ‡∏ó‡∏®‡πÅ‡∏î‡∏ô‡∏®‡∏¥‡∏ß‡∏¥‡πÑ‡∏•‡∏ã‡πå‡∏ô‡∏∞‡∏à‡πä‡∏∞,1
‡πÅ‡∏•‡πá‡∏ö‡∏ß‡∏¥‡∏à‡∏±‡∏¢‡∏™‡∏≤‡∏´‡∏£‡πà‡∏≤‡∏¢‡πÅ‡∏™‡∏ô‡∏ô‡πà‡∏≤‡∏£‡∏±‡∏Å,1
‡∏ù‡∏π‡∏á‡πÄ‡∏õ‡πá‡∏î‡πÅ‡∏ü‡∏°‡∏¥‡∏•‡∏µ‡πà,1
‡∏Å‡∏£‡∏∏‡∏á‡πÄ‡∏°‡∏û‡∏°‡∏´‡∏≤‡∏ô‡∏Ñ‡∏£,1
Ratchaburi Thailand,1
Penguin Village,1
Amphoe Mueang Chiang Rai,1
#starshipstand,1
‡∏Å‡∏ß‡πâ‡∏≤‡∏á x ‡∏¢‡∏≤‡∏ß x ‡∏™‡∏π‡∏á,1
"‡∏™‡∏≤‡∏ó‡∏£, ‡∏Å‡∏£‡∏∏‡∏á‡πÄ‡∏ó‡∏û‡∏°‡∏´‡∏≤‡∏ô‡∏Ñ‡∏£",1
"18.620519,99.047653",1
"Bang Sue, Bangkok",1
"Edinburgh, Scotland",1
"‡∏≠.‡∏ö‡∏≤‡∏á‡∏ö‡∏±‡∏ß‡∏ó‡∏≠‡∏á, ‡∏à.‡∏ô‡∏ô‡∏ó‡∏ö‡∏∏‡∏£‡∏µ",1
"Hua Mak, Thailand",1
thailand ! ! ! !,1
‡πÑ‡∏°‡πà‡∏ö‡∏≠‡∏Å,1
‡∏ô‡∏≠‡∏Å‡∏°‡∏¥‡∏ï‡∏¥‡∏ó‡∏µ‡πà 5,1
‡∏ï‡∏±‡∏ß‡∏≠‡∏¢‡∏π‡πà‡πÑ‡∏ó‡∏¢‡πÉ‡∏à‡∏≠‡∏¢‡∏π‡πà‡∏ó‡∏µ‡πà‡∏û‡∏¥‡∏ã‡∏∏‡∏•,1
‡∏ö‡πâ‡∏≤‡∏ô,1
"Lat Phrao, Bangkok",1
‡πÉ‡∏ô‡∏ö‡πà‡∏≠‡∏ô‡πâ‡∏≥ ‡πÄ‡∏•‡∏µ‡πâ‡∏¢‡∏ß‡∏Ç‡∏ß‡∏≤ ‡∏£‡∏∞‡∏ß‡∏±‡∏á‡∏õ‡πâ‡∏≠‡∏°,1
"Amphoe Phra Pradaeng, Samut Pr",1
@bts_twt,1
"‡∏≠.‡∏õ‡∏≤‡∏Å‡πÄ‡∏Å‡∏£‡πá‡∏î, ‡∏à.‡∏ô‡∏ô‡∏ó‡∏ö‡∏∏‡∏£‡∏µ",1
Moon,1
instagram.com/fattylovelycat,1
‡∏Å‡∏£‡∏∏‡∏á‡πÄ‡∏ó‡∏û‡∏°‡∏´‡∏≤‡∏ô‡∏Ñ‡∏£ ‡πÑ‡∏ó‡∏¢,1
"ChiangRai, Thailand",1
Amphoe Sung Noen,1
"Noble Park, Melbourne,Australia",1
‡πÄ‡∏£‡∏∑‡πà‡∏≠‡∏á‡∏Ç‡∏≠‡∏á‡∏Å‡∏π,1
‡∏ç‡∏µ‡πà‡∏õ‡∏∏‡πà‡∏ô,1
Amphoe Mueang Chon Buri,1
"Samut Prakarn, Thailand",1
"Changwat Chanthaburi, Thailand",1
"‡∏≠.‡∏õ‡∏≤‡∏Å‡∏ä‡πà‡∏≠‡∏á, ‡∏à.‡∏ô‡∏Ñ‡∏£‡∏£‡∏≤‡∏ä‡∏™‡∏µ‡∏°‡∏≤",1
BLINK,1
Amphoe Bang Yai,1
Indonesia,1
‡πÄ‡∏Å‡∏≤‡∏∞‡πÉ‡∏ï‡πâ‡∏¢‡∏≤‡∏ôUSS Enterprise,1
"‡∏î‡∏¥‡∏ô‡πÅ‡∏î‡∏á, ‡∏Å‡∏£‡∏∏‡∏á‡πÄ‡∏ó‡∏û‡∏°‡∏´‡∏≤‡∏ô‡∏Ñ‡∏£",1
Filmmaker & Photographer,1
"Amphoe Long, Changwat Phrae",1
"Lam Luk Ka, Pathumtani",1
Bukan Dunia Maya,1
"14.469009,100.116297",1
 Bangkok  Thailand,1
„Éê„ÉÉ„Ç≠„É≥„Ç¨„É†„Éñ„É¨„Ç§„Ç´„Éº+‡∏î‡∏≤‡∏ß‡πÄ‡∏™‡∏µ‡πâ‡∏¢‡∏ô‡πÄ‡∏Å‡∏∞,1
"R√≠o Bravo, Tamaulipas M√©xico ‚úΩ",1
"Thung Khru, Bangkok",1
"‡∏≠.‡πÄ‡∏°‡∏∑‡∏≠‡∏á‡∏°‡∏´‡∏≤‡∏™‡∏≤‡∏£‡∏Ñ‡∏≤‡∏°, ‡∏à.‡∏°‡∏´‡∏≤‡∏™‡∏≤‡∏£‡∏Ñ‡∏≤‡∏°",1
wordpress : todiary,1
"‡∏à.‡πÄ‡∏ä‡∏µ‡∏¢‡∏á‡πÉ‡∏´‡∏°‡πà, ‡∏õ‡∏£‡∏∞‡πÄ‡∏ó‡∏®‡πÑ‡∏ó‡∏¢",1
"Passo Fundo, Brasil",1
"√úT: 13.89199,100.6206",1
Ëó§Ê±ü„ÉÅ„Éº„É† M,1
Amphoe Kantharalak,1
Bkk,1
My Dream,1
„Éê„É≥„Ç≥„ÇØ„ÄÅ„Çø„Ç§,1
Amphoe Mueang Phuket,1
Amphoe Tha Mai,1
"‡∏•‡∏±‡πâ‡∏ô‡∏î‡∏±‡πâ‡∏ô,‡∏ö‡∏£‡∏¥‡∏ä‡∏ï‡∏¥‡∏™",1
‡∏ó‡∏≤‡∏™‡∏´‡∏±‡∏ß‡πÉ‡∏à‡πÄ‡∏ä‡∏™‡πÄ‡∏ä‡∏µ‡∏¢‡∏£‡πå‡πÄ‡πÄ‡∏Ñ‡∏ó ‡πÄ‡∏°‡∏µ‡πâ‡∏¢‡∏ß~‚ô°,1
‡∏´‡∏ô‡πâ‡∏≤‡∏ú‡∏≤‡∏Å‡∏°‡∏¥‡∏ß‡πÜ,1
Frame,1
Ronderland,1
‡πÑ‡∏ó‡∏¢‡πÅ‡∏•‡∏ô‡∏î‡πå ‡∏õ‡∏π‡πâ‡∏ô ‡∏õ‡∏π‡πâ‡∏ô !!!,1
Amphoe Thung Song,1
"‡∏≠.‡πÄ‡∏°‡∏∑‡∏≠‡∏á‡∏Å‡∏≥‡πÅ‡∏û‡∏á‡πÄ‡∏û‡∏ä‡∏£, ‡∏à.‡∏Å‡∏≥‡πÅ‡∏û‡∏á‡πÄ‡∏û‡∏ä‡∏£",1
‡∏≠‡πà‡∏≤‡∏ô‡∏ó‡∏ß‡∏¥‡∏ï‡πÉ‡∏ôLikes,1
"Chiang Mai, Thailand",1
home,1
‡∏û‡∏∑‡πâ‡∏ô‡∏ó‡∏µ‡πà‡∏ó‡∏µ‡πà‡∏à‡∏ô‡∏ó‡∏µ‡πà‡∏™‡∏∏‡∏î‡πÉ‡∏ô‡∏à‡∏±‡∏Å‡∏£‡∏ß‡∏≤‡∏•,1
Changwat Nakhon Ratchasima,1
Khonkaen Thailand,1
"Hamamatsu-shi Nishi, Shizuoka",1
"‡∏ö‡∏≤‡∏á‡πÄ‡∏Ç‡∏ô, ‡∏Å‡∏£‡∏∏‡∏á‡πÄ‡∏ó‡∏û‡∏°‡∏´‡∏≤‡∏ô‡∏Ñ‡∏£",1
"Taipei City, Taiwan",1
"√úT: 13.804735,100.53698",1
"Stamford Bridge, England",1
‡πÉ‡∏ô‡πÉ‡∏à,1
"Chigasaki-shi, Kanagawa",1
My House,1
"‡∏≠.‡∏Å‡∏±‡∏ô‡∏ó‡∏£‡∏ß‡∏¥‡∏ä‡∏±‡∏¢, ‡∏à.‡∏°‡∏´‡∏≤‡∏™‡∏≤‡∏£‡∏Ñ‡∏≤‡∏°",1
Phetchaburi,1
"Pathum Thani, Thailand",1
"‡∏à.‡∏ä‡∏•‡∏ö‡∏∏‡∏£‡∏µ, ‡∏õ‡∏£‡∏∞‡πÄ‡∏ó‡∏®‡πÑ‡∏ó‡∏¢",1
Bangkok Thailand,1
"‡∏≠.‡πÄ‡∏°‡∏∑‡∏≠‡∏á‡∏£‡∏≤‡∏ä‡∏ö‡∏∏‡∏£‡∏µ, ‡∏à.‡∏£‡∏≤‡∏ä‡∏ö‡∏∏‡∏£‡∏µ",1
"‡∏≠.‡πÄ‡∏°‡∏∑‡∏≠‡∏á‡πÄ‡∏ä‡∏µ‡∏¢‡∏á‡πÉ‡∏´‡∏°‡πà, ‡∏à.‡πÄ‡∏ä‡∏µ‡∏¢‡∏á‡πÉ‡∏´‡∏°‡πà",1
„ÇÇ„Åø„ÅòÈ•ÖÈ†≠„ÅÆ„Åæ„Å°„Å®ÂæÆÁ¨ë„Åø„ÅÆ„Åè„Å´,1
‡∏î‡∏≤‡∏ß‡∏û‡∏•‡∏π‡πÇ‡∏ï,1
"Riau, Indonesia",1
ËÄ≥„Çí„Åô„Åæ„Åõ„Å∞„ÅÆÂùÇ„ÅÆÂêë„Åì„ÅÜ,1
"Depok, Jawa Barat",1
"Tokyo-to, Japan",1
"‡∏û‡∏•‡∏±‡∏ö‡∏û‡∏•‡∏≤, ‡∏õ‡∏£‡∏∞‡πÄ‡∏ó‡∏®‡πÑ‡∏ó‡∏¢",1
"Changwat Chon Buri, Thailand",1
Amphoe Ban Rai,1
Secret base,1
"DKI Jakarta, Indonesia",1
ALONE ON THE MOON,1
"Uttaradit Province, Thailand",1
"„Çø„Ç§„É©„É≥„Éâ , Êó•Êú¨",1
"Des Moines, IOWA",1
BLACKJACK,1
Phra Nakhon Si Ayutthaya,1
SUGA is my life ~,1
"‡∏≠.‡πÄ‡∏™‡∏¥‡∏á‡∏™‡∏≤‡∏á, ‡∏à.‡∏ô‡∏Ñ‡∏£‡∏£‡∏≤‡∏ä‡∏™‡∏µ‡∏°‡∏≤",1
South of Korea,1
Amphoe Mueang Rayong,1
‡∏à‡∏∞‡∏ï‡∏¥‡πà‡∏á‡πÉ‡∏Ñ‡∏£‡∏Å‡πâ‡πÄ‡∏£‡∏∑‡πà‡∏≠‡∏á‡∏Ç‡∏≠‡∏á‡∏Ç‡πâ‡∏≤‡πÄ‡∏à‡πâ‡∏≤‡∏Ñ‡∏∞,1
"Ratchathewi, Bangkok",1
‡∏Ñ‡∏≤‡∏°‡∏¥‡∏ã‡∏±‡∏ó‡∏à‡∏±‡∏á‡∏û‡∏≤‡∏î‡πâ‡∏≤üíì,1
bkk,1
"Changwat Ratchaburi, Thailand",1
Void,1
"‡πÄ‡∏°‡∏∑‡∏≠‡∏á‡∏û‡∏±‡∏ó‡∏¢‡∏≤, ‡∏õ‡∏£‡∏∞‡πÄ‡∏ó‡∏®‡πÑ‡∏ó‡∏¢",1
‡∏≠.‡∏ä‡∏∞‡∏≠‡πç‡∏≤ ‡∏ï.‡∏ä‡∏∞‡∏≠‡πç‡∏≤ ‡∏à.‡πÄ‡∏û‡∏ä‡∏£‡∏ö‡∏∏‡∏£‡∏µ,1
"8894 Ïπ¥Ïù¥Ìõà , 6104 Ï∞¨Î∞± , 0412 Î∞±ÎèÑ",1
667 Dark Avenue,1
‡∏õ‡∏£‡∏∞‡πÄ‡∏ó‡∏®‡πÑ‡∏ó‡∏¢ ,1
xx_x_xx,1
‡∏ö‡∏ô‡πÇ‡∏•‡∏Å,1
"Phrae, Thailand",1
‡πÑ‡∏°‡πà‡πÉ‡∏´‡πâ‡πÄ‡∏™‡∏∑‡∏≠‡∏Å,1
"Samut Sakhon, Thailand",1
"Songkhla, Thailand",1
